{
  "StepHeight": {
    "best_model": "lightgbm",
    "r2": 0.976358097833771,
    "rmse": 4.13908065196992e-06,
    "mae": 1.5240434085523312e-06
  },
  "MaxStepX": {
    "best_model": "lightgbm",
    "r2": 0.9763570611672795,
    "rmse": 1.0767605659474735e-05,
    "mae": 3.964654738178294e-06
  },
  "MaxStepY": {
    "best_model": "lightgbm",
    "r2": 0.9425164550930655,
    "rmse": 0.01617844372348699,
    "mae": 0.007513188675646873
  },
  "MaxStepTheta": {
    "best_model": "lightgbm",
    "r2": 0.9763471734301954,
    "rmse": 4.724208608962827e-06,
    "mae": 1.739091687957132e-06
  },
  "Frequency": {
    "best_model": "lightgbm",
    "r2": 0.976358207141516,
    "rmse": 0.00012000277966715233,
    "mae": 4.418600415043215e-05
  }
}